Title,Company,Location,Link
Webflow Developer - Remote | WFH,Get It Recruit - Information Technology,"Dallas, TX",https://www.linkedin.com/jobs/view/webflow-developer-remote-wfh-at-get-it-recruit-information-technology-3511564410?refId=14EcZ1%2FgypRvcV1mlBsKTQ%3D%3D&trackingId=zOJD7bF%2FTDafOEnAl3Gx8w%3D%3D&position=2&pageNum=0&trk=public_jobs_jserp-result_search-card
Webflow Designer/Developer,AppHub,"Leicester, England, United Kingdom",https://uk.linkedin.com/jobs/view/webflow-designer-developer-at-apphub-3513733487?refId=14EcZ1%2FgypRvcV1mlBsKTQ%3D%3D&trackingId=Xgukpu25SVvUmmtMFrXHVA%3D%3D&position=3&pageNum=0&trk=public_jobs_jserp-result_search-card
Webflow Designer/Developer,AppHub,"Leicester, England, United Kingdom",https://uk.linkedin.com/jobs/view/webflow-designer-developer-at-apphub-3521572626?refId=14EcZ1%2FgypRvcV1mlBsKTQ%3D%3D&trackingId=rc7qV%2FzWTCQ69sGt%2FiG88A%3D%3D&position=4&pageNum=0&trk=public_jobs_jserp-result_search-card
Webflow Developer,Buzzcube.io,Philippines,https://ph.linkedin.com/jobs/view/webflow-developer-at-buzzcube-io-3506696604?refId=14EcZ1%2FgypRvcV1mlBsKTQ%3D%3D&trackingId=UgdjqUaBaPgHfBLvYX9cgg%3D%3D&position=5&pageNum=0&trk=public_jobs_jserp-result_search-card
Senior Webflow Developer (m/f/d),02100 Digital,"Hamburg, Hamburg, Germany",https://de.linkedin.com/jobs/view/senior-webflow-developer-m-f-d-at-02100-digital-3518949415?refId=14EcZ1%2FgypRvcV1mlBsKTQ%3D%3D&trackingId=6Snb0YBsxLuE2eqZFZYcxw%3D%3D&position=6&pageNum=0&trk=public_jobs_jserp-result_search-card
Webflow Designer/Developer (m/f/d),WEBNIQUE GmbH,"Munich, Bavaria, Germany",https://de.linkedin.com/jobs/view/webflow-designer-developer-m-f-d-at-webnique-gmbh-3514168142?refId=14EcZ1%2FgypRvcV1mlBsKTQ%3D%3D&trackingId=JHMgyOzelLYcwErKsy6%2FxQ%3D%3D&position=7&pageNum=0&trk=public_jobs_jserp-result_search-card
"Webflow developer (website, landing page)",VMK GROUP,Ukraine,https://ua.linkedin.com/jobs/view/webflow-developer-website-landing-page-at-vmk-group-3515786491?refId=14EcZ1%2FgypRvcV1mlBsKTQ%3D%3D&trackingId=3tHVHpV%2BuqIE3Uw5pwkkrw%3D%3D&position=8&pageNum=0&trk=public_jobs_jserp-result_search-card
Webflow Designer Developer,Cloud Ventures LLC,"Scottsdale, AZ",https://www.linkedin.com/jobs/view/webflow-designer-developer-at-cloud-ventures-llc-3516240811?refId=14EcZ1%2FgypRvcV1mlBsKTQ%3D%3D&trackingId=ewIJQbGcnxLtF7o5LCD%2B1A%3D%3D&position=9&pageNum=0&trk=public_jobs_jserp-result_search-card
WebFlow Developer,PayGlocal,"Bengaluru, Karnataka, India",https://in.linkedin.com/jobs/view/webflow-developer-at-payglocal-3513223448?refId=14EcZ1%2FgypRvcV1mlBsKTQ%3D%3D&trackingId=g%2BViHig7TKBmb0p5d99%2BIg%3D%3D&position=10&pageNum=0&trk=public_jobs_jserp-result_search-card
Webflow Developer (Freelance/Contract),The Alien - UI UX Agency,"Chennai, Tamil Nadu, India",https://in.linkedin.com/jobs/view/webflow-developer-freelance-contract-at-the-alien-ui-ux-agency-3515582508?refId=14EcZ1%2FgypRvcV1mlBsKTQ%3D%3D&trackingId=6Z5f10Rs47ZNqjQZWR0zyA%3D%3D&position=12&pageNum=0&trk=public_jobs_jserp-result_search-card
Webflow-Developer (m/w/d) im Medienhafen Düsseldorf,marketer UX GmbH,"Düsseldorf, North Rhine-Westphalia, Germany",https://de.linkedin.com/jobs/view/webflow-developer-m-w-d-im-medienhafen-d%C3%BCsseldorf-at-marketer-ux-gmbh-3509843856?refId=14EcZ1%2FgypRvcV1mlBsKTQ%3D%3D&trackingId=DQFoegkSS6Z1iuOygzoJKg%3D%3D&position=13&pageNum=0&trk=public_jobs_jserp-result_search-card
"Web Developer / Visual Developer (Webflow), Waalwijk",Subtiel,"Waalwijk, North Brabant, Netherlands",https://nl.linkedin.com/jobs/view/web-developer-visual-developer-webflow-waalwijk-at-subtiel-3517927154?refId=14EcZ1%2FgypRvcV1mlBsKTQ%3D%3D&trackingId=jUUpLYKgBoqrHdLWFw8Phw%3D%3D&position=16&pageNum=0&trk=public_jobs_jserp-result_search-card
